{
"13S ET363065":[33.497406,-104.609209],
"13S ET369134":[33.55962,-104.602465],
"13S ET38321250":[33.551452,-104.587206],
"13S ET40731053":[33.533595,-104.561335]
}