{
"12S XG4680694168":[37.883187,-109.330602],
"12S XJ0802804101":[38.879133,-109.754582],
"12S YG0653149267":[37.46723,-108.664604],
"12S YG1015831042":[37.302276,-108.6288]
}