{
"18T WL855777":[41.346259,-73.978012],
"18T WL855795":[41.36247,-73.977758],
"18T WL857783":[41.351641,-73.975537]
}