{
"16T EM2751":[42.010559,-86.673929],
"16T GL045855":[41.395046,-84.553846],
"16T GL100857":[41.395429,-84.488047],
"16T GL1276":[41.307616,-84.467534],
"16T GL128820":[41.361398,-84.455885],
"16T GL149787":[41.331145,-84.43197],
"16T GL157836":[41.375024,-84.420679],
"16T GL16108230":[41.363219,-84.416363],
"16T GL16108295":[41.369068,-84.416132],
"16T GL161828":[41.367718,-84.416185],
"16T GL163828":[41.367664,-84.413796],
"16T GL169778":[41.322511,-84.408415],
"16T GL172862":[41.398017,-84.401828],
"16T GL179800":[41.342038,-84.39569],
"16T GL18128525":[41.389219,-84.391175],
"16T GL18308220":[41.361726,-84.390123],
"16T GL185845":[41.382367,-84.386905],
"16T GL18708448":[41.382133,-84.384523],
"16T GL188830":[41.368789,-84.383862],
"16T GL19728381":[41.375827,-84.37258],
"16T GL210813":[41.352891,-84.358203],
"16T GL2690":[41.429783,-84.295252]
}
