{
"14S QJ06813850":[39.171155,-96.60603],
"14S QJ078420":[39.20243,-96.593505],
"14S QJ090403":[39.186837,-96.580144],
"14S QJ098393":[39.177641,-96.5712],
"14S QJ10503955":[39.179723,-96.563025],
"14S QJ105396":[39.180173,-96.563009],
"14S QJ10563958":[39.179978,-96.562322],
"14S QJ10633961":[39.180232,-96.561503],
"14S QJ111394":[39.178227,-96.556131]
}