{
"14S PJ97103386":[39.131631,-96.719694],
"14S PJ973318":[39.113037,-96.717981],
"14S PJ976353":[39.144483,-96.713494],
"14S PJ98753447":[39.136748,-96.7004]
}