{
"15R VP7942":[30.209318,-93.218194],
"15R VQ67691136":[30.834956,-93.337863],
"15R VQ7445":[31.13865,-93.272743],
"15R WP9243":[30.215038,-92.044069],
"15R WQ4466":[31.327586,-92.537517],
"15R YP7621":[29.98889,-90.139263]
}