{
"15R VQ87784285":[31.119475,-93.128164],
"15R VQ89274376":[31.127701,-93.112546],
"15R VQ89974282":[31.119226,-93.105195],
"15R VQ91394397":[31.129613,-93.090311],
"15R VQ942437":[31.127194,-93.060835],
"15R VQ951447":[31.136222,-93.0514],
"15R VQ99":[31.544919,-93.105353]
}
